{
  "34a1cab1-81f1-47e5-aec3-ab6c9810efe1": {
    "_ownerId": "35c62d76-8152-4626-8712-eeb96381bea8",
    "name": "Storm Troopers",
    "logoUrl": "/assets/atat.png",
    "description": "These ARE the droids we're looking for",
    "_createdOn": 1615737591748,
    "_id": "34a1cab1-81f1-47e5-aec3-ab6c9810efe1"
  },
  "dc888b1a-400f-47f3-9619-07607966feb8": {
    "_ownerId": "847ec027-f659-4086-8032-5173e2f9c93a",
    "name": "Team Rocket",
    "logoUrl": "/assets/rocket.png",
    "description": "Gotta catch 'em all!",
    "_createdOn": 1615737655083,
    "_id": "dc888b1a-400f-47f3-9619-07607966feb8"
  }
}
